pair,wall_ms,superpoint_ms,matcher_ms,geometry_ms,degenerate
0,110.856,91.434,16.483,2.847,0
1,162.366,110.122,47.367,4.768,0
2,128.592,111.931,13.71,2.806,0
3,93.098,81.417,8.889,2.728,0
4,91.441,79.77,8.859,2.732,0
5,89.448,78.801,7.626,2.869,0
6,89.84,78.162,8.914,2.658,0
7,87.011,75.23,8.922,2.786,0
8,90.349,79.248,8.305,2.706,0
9,90.209,78.517,8.966,2.663,0
10,84.117,71.986,9.3,2.752,0
11,88.249,75.67,9.841,2.653,0
12,83.096,72.181,8.175,2.665,0
13,81.783,70.318,8.607,2.802,0
14,79.621,70.094,6.843,2.634,0
15,84.432,73.735,8.072,2.566,0
16,80.714,70.353,7.697,2.602,0
17,92.908,79.12,10.615,3.126,0
18,113.025,79.994,30.313,2.668,0
19,90.325,78.664,9.024,2.584,0
20,116.46,104.872,8.611,2.914,0
21,100.29,88.826,8.418,2.98,0
22,114.026,72.757,38.46,2.709,0
23,87.078,75.102,9.106,2.828,0
24,106.157,93.472,9.521,3.09,0
25,97.642,74.947,19.96,2.668,0
26,105.586,93.316,9.011,3.191,0
27,110.431,84.49,23.18,2.709,0
28,97.027,84.442,9.863,2.659,0
29,118.924,98.84,15.973,3.978,0
30,126.891,82.734,41.411,2.668,0
31,95.964,84.771,8.108,3.018,0
32,106.392,93.322,9.885,3.096,0
33,156.803,113.478,38.352,4.878,0
34,135.638,107.064,23.685,4.795,0
35,122.036,108.413,10.591,2.905,0
36,95.253,82.983,9.385,2.772,0
37,95.535,83.29,9.298,2.885,0
38,92.491,81.976,7.656,2.753,0
39,140.812,108.679,26.918,5.067,0
40,123.954,108.399,11.171,4.237,0
41,94.106,81.34,9.809,2.866,0
42,122.284,101.707,17.267,3.222,0
43,120.032,78.622,38.669,2.68,0
44,125.068,111.6,10.699,2.717,0
45,118.992,98.894,15.635,4.339,0
46,111.737,82.092,26.649,2.919,0
47,118.933,105.542,10.072,3.213,0
48,144.241,107.701,30.733,5.707,0
49,140.415,100.72,34.663,4.865,0
50,131.251,107.044,19.149,4.961,0
51,139.776,113.59,21.518,4.585,0
52,141.767,97.287,39.284,5.027,0
53,142.39,114.138,23.317,4.81,0
54,147.274,118.083,24.229,4.838,0
55,150.944,117.043,28.576,5.152,0
56,151.423,102.097,44.358,4.846,0
57,107.597,83.012,19.69,4.803,0
58,116.266,93.484,17.994,4.685,0
59,110.413,85.516,18.391,6.404,0
60,133.168,98.714,22.594,11.759,0
61,143.867,110.222,28.413,5.066,0
62,133.967,97.763,31.475,4.646,0
63,133.186,94.857,33.709,4.526,0
64,107.057,91.14,10.822,5.003,0
65,128.835,102.519,20.99,5.111,0
66,130.74,84.201,41.901,4.55,0
67,121.164,96.634,19.857,4.565,0
68,129.458,108.543,17.342,3.453,0
69,103.631,86.916,13.719,2.868,0
70,138.695,124.169,11.168,3.284,0
71,125.986,86.184,36.806,2.901,0
72,109.042,96.433,9.822,2.734,0
73,137.254,105.267,26.634,5.217,0
74,131.367,109.029,19.499,2.771,0
75,139.706,107.499,29.375,2.745,0
76,125.314,113.462,8.71,3.074,0
77,112.89,100.727,9.298,2.746,0
78,87.524,74.476,10.1,2.88,0
79,85.559,74.252,8.505,2.748,0
80,84.305,74.725,6.808,2.706,0
81,90.117,78.613,8.702,2.709,0
82,84.653,74.417,7.456,2.719,0
83,81.653,71.663,7.103,2.798,0
84,85.429,73.814,8.945,2.61,0
85,83.986,73.728,7.545,2.663,0
86,79.198,68.495,7.897,2.751,0
87,81.893,69.262,9.889,2.689,0
88,81.431,71.523,7.269,2.596,0
89,79.35,69.642,7.074,2.579,0
90,82.277,72.834,6.815,2.578,0
91,85.724,69.0,13.46,3.213,0
92,110.152,75.435,31.814,2.825,0
93,133.194,98.663,29.875,4.544,0
94,133.632,93.116,37.833,2.538,0
95,111.558,87.064,21.909,2.539,0
96,99.044,87.79,8.634,2.579,0
97,123.77,104.306,14.636,4.755,0
98,130.257,101.32,23.893,4.955,0
99,115.561,86.27,26.572,2.655,0
100,129.275,87.338,34.263,4.56,0
101,120.637,95.682,19.364,5.505,0
102,127.925,102.817,20.313,4.716,0
103,148.281,108.564,26.815,12.761,0
104,143.954,98.305,40.367,5.129,0
105,141.431,111.208,25.057,5.061,0
106,136.099,112.066,19.172,4.781,0
107,119.634,92.023,22.392,5.073,0
108,118.745,94.003,19.853,4.805,0
109,127.8,88.406,34.567,4.714,0
110,132.32,108.097,19.478,4.653,0
111,107.288,94.164,9.701,3.327,0
112,96.984,84.616,9.435,2.78,0
113,133.578,104.931,23.647,4.897,0
114,113.434,86.927,23.614,2.832,0
115,129.028,106.988,19.058,2.894,0
116,146.09,118.92,21.979,5.035,0
117,154.382,121.682,26.602,5.974,0
118,143.695,106.464,32.161,4.919,0
119,149.647,102.231,39.506,7.787,0
120,115.259,91.731,18.481,4.953,0
121,110.73,92.983,14.397,3.261,0
122,127.387,86.423,38.167,2.679,0
123,136.811,97.348,31.588,4.689,0
124,125.182,101.403,18.632,5.04,0
125,131.368,109.498,16.814,4.933,0
126,84.408,74.658,7.057,2.623,0
127,104.424,82.825,16.848,4.65,0
128,134.761,94.158,36.283,4.255,0
129,112.876,100.836,9.13,2.861,0
130,106.987,94.296,9.659,2.975,0
131,116.244,78.828,34.724,2.579,0
132,91.698,80.862,8.268,2.53,0
133,110.658,98.91,9.068,2.64,0
134,101.89,83.505,15.112,3.191,0
135,103.363,66.953,33.861,2.41,0
136,102.028,63.26,36.3,2.405,0
137,102.48,63.584,36.476,2.385,0
138,101.459,71.21,27.116,3.045,0
139,97.157,64.704,29.987,2.356,0
140,99.095,64.026,32.611,2.392,0
141,101.764,62.555,36.765,2.38,0
142,101.402,70.519,28.354,2.394,0
143,98.268,61.788,33.954,2.39,0
144,98.314,65.337,30.464,2.38,0
145,100.453,64.346,33.665,2.377,0
146,99.722,65.179,31.887,2.538,0
147,99.161,66.372,30.277,2.385,0
148,100.094,65.718,31.877,2.382,0
149,98.458,65.484,30.464,2.38,0
150,117.659,94.739,18.11,4.732,0
151,109.426,86.318,18.645,4.373,0
152,115.395,90.402,20.281,4.578,0
153,109.56,86.666,18.347,4.441,0
154,113.1,86.535,22.087,4.39,0
155,105.468,81.661,19.068,4.654,0
156,110.826,89.247,16.955,4.519,0
157,108.187,81.802,21.591,4.652,0
158,106.679,81.179,20.657,4.771,0
159,104.383,79.953,19.876,4.492,0
160,105.009,81.857,18.446,4.602,0
161,109.391,87.145,17.319,4.804,0
162,109.034,85.192,19.262,4.494,0
163,105.102,78.955,21.445,4.615,0
164,104.364,79.72,19.958,4.596,0
165,111.418,85.646,20.777,4.878,0
166,129.684,104.859,20.035,4.685,0
167,115.468,92.288,18.545,4.521,0
168,120.554,93.696,21.931,4.814,0
169,113.216,89.82,18.743,4.535,0
170,115.666,89.451,21.335,4.74,0
171,116.88,89.153,22.868,4.731,0
172,117.261,89.561,22.944,4.648,0
173,116.77,92.881,18.956,4.773,0
174,122.748,94.324,23.335,4.937,0
175,131.288,107.216,19.157,4.81,0
176,125.386,98.909,21.809,4.524,0
177,116.558,92.067,19.755,4.612,0
178,116.548,90.292,21.015,5.102,0
179,120.332,93.397,21.953,4.876,0
180,111.564,84.882,22.025,4.575,0
181,93.302,81.915,8.734,2.559,0
182,79.177,69.591,6.865,2.659,0
183,78.256,68.682,6.96,2.576,0
184,72.401,63.095,6.75,2.517,0
185,80.257,70.191,7.402,2.62,0
186,72.647,63.615,6.467,2.531,0
187,82.605,66.3,13.244,3.015,0
188,106.68,85.154,18.894,2.583,0
189,108.014,68.304,37.134,2.493,0
190,109.915,69.99,37.317,2.508,0
191,110.465,71.711,36.149,2.514,0
192,114.528,73.499,38.439,2.483,0
193,92.466,80.703,9.156,2.566,0
194,112.661,96.746,12.694,3.167,0
195,108.781,91.367,14.264,3.097,0
196,91.675,79.366,9.617,2.641,0
197,110.857,93.833,13.227,3.695,0
198,123.519,81.427,38.965,3.061,0
199,101.261,88.053,10.311,2.848,0
200,109.264,97.132,8.91,3.153,0
201,110.572,97.425,10.396,2.683,0
202,153.1,117.761,30.354,4.853,0
203,154.383,113.32,35.953,4.998,0
204,130.27,102.23,23.028,4.875,0
205,127.191,101.054,21.109,4.873,0
206,123.057,95.103,22.733,5.009,0
207,143.658,93.258,45.093,5.176,0
208,125.27,92.898,29.633,2.674,0
209,174.492,124.922,44.586,4.88,0
210,117.274,102.147,12.166,2.856,0
211,112.008,92.705,15.439,3.722,0
212,138.306,100.407,35.206,2.618,0
213,94.443,82.182,9.432,2.766,0
214,108.016,95.762,9.047,3.122,0
215,101.194,85.725,12.448,2.937,0
216,116.426,102.837,10.411,3.083,0
217,99.392,86.261,10.213,2.758,0
218,140.095,113.159,21.89,4.901,0
219,140.547,113.167,22.008,5.258,0
220,154.71,109.094,40.786,4.744,0
221,131.105,102.288,23.627,5.062,0
222,145.781,118.411,21.977,5.232,0
223,146.038,115.772,25.09,5.019,0
224,153.316,106.051,42.262,4.833,0
225,142.664,115.104,22.148,5.292,0
226,153.931,123.564,26.39,3.844,0
227,96.462,82.33,10.99,3.029,0
228,125.998,105.818,16.14,3.919,0
229,117.617,83.9,30.749,2.89,0
230,148.464,134.931,10.595,2.85,0
231,115.398,101.179,10.795,3.356,0
232,97.375,84.207,10.233,2.766,0
233,123.357,105.707,14.125,3.444,0
234,113.658,82.683,28.121,2.73,0
235,119.455,104.843,11.258,3.282,0
236,115.897,89.169,23.882,2.793,0
237,131.874,112.948,16.177,2.665,0
238,118.48,99.794,15.08,3.538,0
239,130.601,85.234,40.477,4.774,0
240,125.331,109.947,12.33,2.947,0
241,139.163,110.42,24.992,3.62,0
242,134.339,90.468,41.149,2.669,0
243,141.001,109.625,26.217,5.028,0
244,125.559,104.541,17.586,3.325,0
245,117.423,88.169,26.298,2.834,0
246,112.022,98.316,10.126,3.526,0
247,116.576,87.912,25.585,2.992,0
248,109.53,92.466,14.134,2.846,0
249,143.848,110.674,27.967,5.08,0
250,142.365,100.682,36.551,5.036,0
251,151.42,107.164,39.257,4.889,0
252,146.387,119.0,22.152,5.12,0
253,156.065,124.05,26.947,4.949,0
254,126.039,95.39,27.535,3.016,0
255,138.014,109.343,22.283,6.256,0
256,149.959,123.982,20.864,4.999,0
257,145.104,112.521,27.062,5.343,0
258,143.799,101.314,37.536,4.83,0
259,93.853,83.378,7.628,2.777,0
260,91.683,79.111,9.638,2.864,0
261,92.785,81.589,8.351,2.773,0
262,121.126,94.882,21.282,4.841,0
263,132.953,100.976,26.875,5.001,0
264,148.077,123.878,19.168,4.928,0
265,126.223,98.19,21.589,6.349,0
266,175.496,129.486,40.844,5.001,0
267,115.065,94.818,17.53,2.646,0
268,120.865,101.326,15.018,4.387,0
269,152.065,113.229,33.625,5.078,0
270,105.019,92.051,9.98,2.914,0
271,136.762,110.745,22.006,3.86,0
272,131.888,87.259,41.749,2.807,0
273,101.845,88.772,10.047,2.944,0
274,120.055,101.24,15.481,3.257,0
275,155.385,103.397,46.845,4.989,0
276,153.342,115.003,33.397,4.801,0
277,145.858,118.765,21.823,5.147,0
278,153.815,119.39,29.282,5.019,0
279,151.864,125.392,21.506,4.858,0
280,129.961,103.154,21.848,4.793,0
281,115.075,89.573,20.491,4.911,0
282,114.818,89.947,20.092,4.647,0
283,119.697,95.0,19.801,4.786,0
284,122.718,94.657,22.26,5.705,0
285,109.93,95.564,11.469,2.79,0
286,84.822,72.773,9.216,2.772,0
287,110.794,85.9,20.051,4.752,0
288,96.877,73.938,17.93,4.925,0
289,125.32,100.269,19.8,5.141,0
290,135.812,108.158,22.428,5.088,0
291,118.837,86.816,29.192,2.654,0
292,105.416,93.055,9.158,3.14,0
293,109.954,85.061,22.136,2.689,0
294,110.715,85.562,20.324,4.757,0
295,134.325,110.528,18.927,4.775,0
296,126.445,104.114,17.289,4.898,0
297,139.884,94.139,41.109,4.543,0
298,130.021,93.588,31.569,4.779,0
299,131.032,106.604,19.178,5.14,0
300,149.893,118.105,26.212,5.417,0
301,159.706,120.129,34.215,5.188,0
302,107.928,94.411,10.598,2.835,0
303,121.988,101.759,16.162,3.934,0
304,116.592,85.696,27.916,2.812,0
305,117.108,103.007,10.739,3.278,0
306,130.174,94.153,33.103,2.84,0
307,104.617,91.058,10.59,2.892,0
308,115.445,101.8,10.384,3.165,0
309,98.087,83.168,11.982,2.81,0
310,110.948,96.437,10.783,3.595,0
311,101.81,82.636,16.281,2.793,0
312,127.944,108.939,15.248,3.649,0
313,113.071,85.135,25.089,2.768,0
314,110.835,96.243,11.057,3.42,0
315,147.481,121.643,20.659,5.034,0
316,152.783,108.584,39.094,4.963,0
317,141.784,114.27,22.381,5.033,0
318,156.35,120.671,30.181,5.362,0
319,155.342,114.058,36.4,4.766,0
320,138.899,109.458,24.352,4.943,0
321,148.145,120.55,22.358,5.095,0
322,149.869,120.076,24.51,5.109,0
323,151.704,110.85,35.842,4.892,0
324,145.491,106.839,33.459,5.026,0
325,146.776,119.911,21.734,4.959,0
326,155.317,127.843,22.348,4.996,0
327,141.523,112.809,23.444,5.104,0
328,162.619,115.517,44.313,2.71,0
329,148.311,111.649,31.633,4.944,0
330,148.151,120.107,22.864,5.016,0
331,131.372,106.287,19.765,5.079,0
332,118.44,86.139,29.392,2.777,0
333,164.013,136.394,22.479,5.04,0
334,137.557,106.358,26.137,4.949,0
335,128.622,96.413,23.613,2.928,0
336,109.907,95.371,11.733,2.729,0
337,113.542,95.512,14.593,3.332,0
338,149.566,108.702,37.786,2.939,0
339,104.416,90.58,9.088,4.579,0
340,133.759,122.006,8.811,2.837,0
341,86.608,75.417,8.354,2.756,0
342,89.066,78.075,7.946,2.965,0
343,92.16,79.893,9.159,3.037,0
344,89.667,74.674,8.58,6.312,0
345,178.966,133.854,38.498,6.507,0
346,133.784,106.184,22.57,4.916,0
347,116.023,97.617,14.931,3.384,0
348,133.642,92.223,38.289,3.062,0
349,115.444,102.972,9.305,3.094,0
350,114.631,100.109,11.616,2.823,0
351,87.598,77.549,7.367,2.632,0
352,123.096,94.594,23.552,4.836,0
353,145.58,118.009,22.098,5.312,0
354,130.01,88.394,38.624,2.911,0
355,132.106,104.412,22.881,4.7,0
356,128.988,115.691,10.418,2.808,0
357,86.051,75.331,8.059,2.616,0
358,120.839,96.616,19.372,4.729,0
359,126.595,96.389,24.78,5.282,0
360,130.404,108.549,19.011,2.762,0
361,93.836,81.497,9.469,2.812,0
362,148.889,119.391,24.528,4.783,0
363,130.016,105.597,21.456,2.89,0
364,100.656,84.204,13.54,2.856,0
365,144.555,111.612,25.457,7.382,0
366,129.053,112.122,14.051,2.815,0
367,85.754,74.365,8.609,2.702,0
368,86.043,76.101,7.168,2.716,0
369,84.555,72.391,9.126,2.951,0
370,113.784,79.666,25.283,8.754,0
371,115.477,91.731,21.069,2.624,0
372,109.494,89.445,17.286,2.697,0
373,116.064,99.357,13.358,3.268,0
374,101.893,79.666,19.394,2.657,0
375,114.717,101.254,10.048,3.347,0
376,118.975,80.879,35.213,2.817,0
377,109.555,98.194,8.466,2.824,0
378,142.655,114.26,23.389,4.878,0
379,114.73,83.66,28.098,2.911,0
380,132.666,102.078,25.338,5.137,0
381,145.922,117.087,23.621,5.094,0
382,147.219,114.314,27.91,4.865,0
383,142.573,103.435,34.028,4.911,0
384,111.57,98.03,10.112,3.341,0
385,118.18,86.367,28.992,2.758,0
386,138.201,110.133,22.826,5.107,0
387,142.893,114.614,23.06,5.119,0
388,130.015,107.238,19.905,2.775,0
389,89.491,78.318,8.244,2.836,0
390,119.277,95.576,18.944,4.664,0
391,110.965,82.507,23.376,4.95,0
392,146.608,104.266,39.548,2.651,0
393,93.99,82.09,8.966,2.866,0
394,112.555,93.668,15.821,2.976,0
395,118.365,92.455,21.146,4.665,0
396,119.536,102.164,14.015,3.291,0
397,127.694,92.087,32.793,2.736,0
398,132.317,104.299,22.68,5.185,0
399,138.731,111.751,21.933,4.941,0
400,119.497,96.429,20.171,2.827,0
401,102.958,86.991,13.053,2.82,0
402,123.858,103.52,16.781,3.466,0
403,99.403,86.814,9.566,2.863,0
404,123.485,103.781,16.2,3.38,0
405,129.93,89.846,37.151,2.863,0
406,125.58,99.205,21.459,4.796,0
407,144.599,115.852,23.571,5.032,0
408,140.14,100.588,34.511,4.933,0
409,133.467,96.754,31.662,4.922,0
410,110.31,97.769,9.565,2.898,0
411,86.486,74.456,9.076,2.846,0
412,119.498,94.701,19.964,4.75,0
413,90.135,77.637,9.546,2.872,0
414,86.886,74.643,9.34,2.842,0
415,82.546,71.037,8.746,2.709,0
416,81.951,72.223,7.014,2.66,0
417,77.657,67.473,7.466,2.638,0
418,81.39,69.457,9.19,2.681,0
419,81.598,71.13,7.774,2.649,0
420,75.421,65.759,6.997,2.626,0
421,75.72,65.531,7.494,2.644,0
422,76.296,66.518,7.15,2.586,0
423,99.433,76.899,17.289,5.196,0
424,107.866,95.002,8.92,3.789,0
425,116.021,78.001,33.416,4.526,0
426,114.707,93.564,16.418,4.654,0
427,121.1,98.749,17.696,4.556,0
428,104.789,71.608,30.524,2.602,0
429,110.508,87.406,18.266,4.756,0
430,100.13,88.804,8.121,3.134,0
431,103.224,72.953,27.278,2.9,0
432,96.494,84.213,9.123,3.108,0
433,105.536,73.614,29.368,2.511,0
434,87.524,75.125,9.653,2.702,0
435,99.833,87.203,9.557,2.998,0
436,90.654,76.398,11.455,2.649,0
437,117.988,100.067,14.327,3.507,0
438,109.187,77.796,28.646,2.691,0
439,98.764,88.83,7.08,2.799,0
440,106.207,91.464,11.602,3.048,0
441,160.881,121.5,36.65,2.667,0
442,156.552,120.247,33.42,2.813,0
443,105.076,92.013,9.245,3.744,0
444,146.829,112.762,28.771,5.166,0
445,162.825,113.047,44.549,5.084,0
446,128.811,102.366,21.454,4.889,0
447,141.945,109.068,27.669,5.036,0
448,130.539,99.112,28.607,2.759,0
449,97.949,79.831,15.178,2.851,0
450,119.335,100.127,16.2,2.923,0
451,128.812,114.588,11.106,3.034,0
452,122.798,102.062,17.409,3.24,0
453,99.844,82.585,14.209,2.941,0
454,111.006,96.161,11.53,3.216,0
455,101.956,86.011,12.956,2.864,0
456,119.298,99.202,16.568,3.421,0
457,135.101,93.116,38.708,3.18,0
458,96.812,85.072,8.707,2.949,0
459,153.048,119.9,27.936,5.022,0
460,152.036,112.347,34.34,5.19,0
461,123.829,97.815,21.255,4.666,0
462,115.135,91.275,19.017,4.732,0
463,80.522,71.034,6.745,2.662,0
464,110.295,85.059,20.534,4.609,0
465,109.228,93.557,12.778,2.831,0
466,128.026,100.156,22.928,4.852,0
467,135.589,92.75,37.703,4.979,0
468,100.948,86.105,11.908,2.842,0
469,107.591,93.15,10.9,3.435,0
470,127.412,91.849,32.857,2.645,0
471,116.906,92.594,19.485,4.753,0
472,112.026,98.644,10.046,3.261,0
473,115.623,89.576,21.286,4.662,0
474,123.936,100.298,18.997,4.502,0
475,148.074,109.024,34.882,4.053,0
476,114.412,100.332,11.191,2.781,0
477,123.499,102.49,17.37,3.527,0
478,154.206,110.674,35.217,5.16,0
479,162.393,113.265,42.66,6.293,0
480,133.177,105.225,23.098,4.735,0
481,149.035,117.27,26.759,4.859,0
482,143.99,108.61,30.406,4.852,0
483,106.38,81.367,20.002,4.867,0
484,109.876,86.291,18.394,5.036,0
485,109.36,88.266,16.226,4.783,0
486,109.915,85.37,19.598,4.859,0
487,105.641,83.667,17.086,4.78,0
488,106.209,91.937,11.37,2.769,0
489,117.855,99.2,15.335,3.23,0
490,120.245,87.047,30.451,2.686,0
491,102.754,89.723,10.337,2.634,0
492,116.739,95.741,15.576,5.319,0
493,90.703,79.254,8.75,2.624,0
494,123.467,96.828,21.621,4.914,0
495,111.354,85.838,22.691,2.77,0
496,109.173,83.142,21.399,4.555,0
497,115.746,97.697,13.925,4.012,0
498,129.056,87.22,38.658,3.105,0
499,94.164,82.906,8.279,2.911,0
